clean_tweet,sentimen
menteri energi sumber daya mineral esdm tengah timbang laku bijak bahan bakar nabati campur etanol e mulai tahun,positive
menteri hanif faisol sebut campur etanol kurang kandung sulfur bbm lewat news,neutral
aku durung komentar kait brebet bensin etanol mungkin satu motor memang tidak rutin servis lalu konsum bensin e akhire kaget campur e liane e kaca kasus oplos tiga motor lebih tahun kyoke mariki banyak baru motor,negative
dirjen migas menteri esdm laode sulaeman minta spbu swasta shell indonesia beli bahan bakar dasar base fuel pertamina tolak pasok sebut bukan kualitas masalah internal usaha tegas campur etanol bbm aman,negative
lol apa hubung disel etanol tidak sambung etanol alkohol campur bbm jenis bensin diesel bbmnya jenis solar sambung biosolar cpo hancur mesin diesel kamu campur etanol,positive
etanol per liter e campur bensin etanol tebu tanam guna bahan bakar kendara mesin bensin kurang emisi tingkat oktan ron dukung energi baru manfaat lebih ramah lingkung,positive
perintah edukatif meski masyarakat paham manfaat resiko campur etanol,positive
kait bbm etanol turun impor campur ganti bensin etanol lokal tebu sawit kurang butuh impor meski produksi migas rendah sesuai bijak perintah mandiri energi utama kurang volume bensin murni dampak,negative
campur etanol kendara mogok semua lalu minta henti campur etanol pilih import import bajing nikmat komisi makanya tidak mau bangun kilang pilih import terus,positive
esdm dorong campur etanol bensin tingkat oktan amp kurang emisi karbon,negative
kait informasi campur etanol pertalite medsos ikut tegas pertamina patra niaga,positive
bisa koreksi harga pertalite kata banyak kandung air etanol harga pertalite sendiri campur etanol memang berapa kalau negara jual murni campur harga lebih murah campur apa jangan harga etanol lebih tinggi bahan dasar,positive
wakil presiden direktur pt toyota motor manufacturing indonesia tmmin bob azam tanggap rencana perintah wajib campur etanol bbm turut sebut lumrah laku luar negeri,neutral
mungkin bukan campur air etanol kakak larut aditif bbm sebut sifat korisif tangki bensin endap kerak tangki nyumbat salur injeksi,neutral
bahlil lahadalia sebut mau wajib campur etanol persen bbm,neutral
kata fitra eri etanol aman guna bahan bakar asal sesuai standar takar teknologi mesin modern rancang kompatibel campur etanol jadi tidak perlu khawatir lebih,positive
mandiri energi nyata salah satu lewat campur etanol bbm hasil bumi indonesia,positive
campur etanol persen arti bahan bakar punya manfaat lipat buat indonesia rakyat,neutral
bahlil wacana campur persen etanol bbm lebih,positive
kurang paham jelas apa untung rugi campur etanol bbm,positive
pernah baca buku padu suzuki sama honda situ tera maksimal etanol beberapa bahkan larang guna campur etanol,neutral
mobil lama utama model karburator an rentan rusak campur etanol etanol bisa sebab korosi degradasi karet seal tarik air picu karat masalah susah start turun performa e biasa aman awat hindar e,positive
rekening akhir akhir banyak keluh motor brebet mogok ing jatim sawise isi pertalite duga amarga kualitas bbm sing ganggu mungkin campur etanol utawa kontaminasi liyane pertamina investigasi uji lab sampel saran ganti pertamax cek bengkel,negative
campur etanol persen e bensin mulai gencar perintah buat kurang impor minyak emisi dengar hijau aman,positive
konsultasi siapa kata etanol aman pakai campur bahan bakar benar kalau kerja tidak rugi susah rakyat,positive
campur etanol,neutral
sama kasih campur etanol,neutral
motor tidak punya sistem lumas beda motor modern kandung etanol bbm bisa bikin lumas gagal mesin cepat aus,positive
resmi perintah tuju mandatori campur etanol persen e bbm dorong energi bersih kurang impor,positive
etanol senyawa kimia organik rumus sih h kenal alkohol etil rupa cair tidak warna mudah bakar sering guna bahan bakar campur bbm kurang emisi larut minum alkohol,negative
kadar air lebih batas larut e air etanol pisah bensin campur berat air etanol turun dasar tangki tempat pompa bahan bakar kerja,negative
shell guna etanol campur produk bahan bakar minyak bbm jadi amerika serikat kandung etanol produk gasoline shell shell regular unleaded bisa capai produk diesel,neutral
ron bisa bikin gampang banget pakai ron booster bisa masalah bukan ron aditif pakai campur hemat tidak masuk akal banyak contoh etanol atas,positive
banyak negara bukti efisiensi baik etanol campur bbm,positive
mobil lama butuh perhati khusus kalau pakai campur etanol meski awet,positive
lapor ratus motor mogok brebet jatim bojonegoro tuban lamongan sejak oktober usai isi pertalite duga campur etanol pertamina bantah etanol pertalite pakar itb bilang kecil mungkin perlu uji lab sebab,negative
ini akal an buat issue etanol jelas campur etanol lebih banyak rugi malah mau tingkat kadar bbm negeri bbm murni kandung etanol kemarin kan beli pertamina cara impor sekarang barang,positive
bahlil presiden prabowo tuju wajib campur etanol bbm,neutral
etanol impor campur bbm peluang banjir negeri bahlil kena sentil,neutral
temu ujung perkara etanol pantas campur bbm sama singkong,neutral
kurang komparasi campur etanol bbm lumrah bahkan bagus sisi lingkung,positive
campur etanol e bensin punya dampak positif negatif mesin mobil positif tingkat oktan performa lebih baik kurang emisi cowok negatif turun efisiensi bahan bakar jarak tempuh kurang serap air bisa sebab korosi utama,positive
akademisi itb itera soal etanol aman jadi bahan campur bbm,positive
campur etanol e bbm bisa kurang emisi karbon gantung impor minyak pakai bahan lokal tebu singkong energi etanol lebih rendah konsumsi bbm sedikit boros risiko korosi mesin lama tidak kompatibel pastiin,positive
bahaya campur etanol,neutral
india amerika serikat pakai campur etanol bensin indonesia coba dong,neutral
kuota impor baru kasih tahun depan kemarin nego soal campur etanol gagal makanya spbu swasta tidak jadi impor,negative
teter esdm bahlil bahas blending bbm etanol bukan sekadar campur sabtu buzz,neutral
perintah tengah siap peta jalan guna etanol campur bahan bakar minyak bbm menteri energi sumber daya mineral esdm bahlil lahadalia jelas campur etanol besar persen bbm tuju kurang gantung impor,positive
bbm e jadi solusi hijau generasi datang campur etanol bahan bakar bantu tekan emisi karbon kuat komitmen indonesia tuju energi bersih lanjut,positive
campur etanol e umum aman bagi besar kendara modern pasca modifikasi as eropa kendara lama mesin kecil kapal bisa risiko korosi pisah fase simpan lama cek manual kendara,positive
jabat bodoh semua bukankah singkong bisa buat etanol campur pertalite,negative
kasus pertamax rugi triliun rupiah duit rakyat indonesia bukti sengaja campur etanol jual lebih mahal ganti semua personilnya audit investigatif internasional atas layak harga bbm pertamina,neutral
khawatir bisa paham mandatori e memang perlu siap matang tidak timbul beban baru capai campur indonesia butuh pasok etanol besar tara konsumsi bensin nasional produksi negeri siap impor etanol,positive
sekarang mungkin besok bodoh bilang bbm campur etanol pertamina mungkin tau guna bbm campur etanol,negative
pertamina rugi selalu padahal rakyat beli bensin tidak pernah hutang dagang bensin ecer untung bukan usut malah buat inovasi etanol campur bbm lama lama arak jadi bahan campur,negative
distribusi bbm transparan meski efek campur etanol optimal buat kendara,neutral
bbm bakal ubah bahlil wajib campur etanol siap siap harga naik i trijaya update,positive
menteri suruh ajar masalah tehnik mesin utama mesin sepeda mobil baik mungkin mesin sepeda amp mobil bisa pakai bbm campur etanol mesin sepeda amp mobil tidak bisa pakai bbm campur etanol bagaimana jangan disamaratakan,positive
campur etanol tinggi serap uap air musim hujan jadi bawah tangki motor isi air makanya brebet,positive
jakarta cnbc indonesia perintah sedang siap bijak baru guna bahan bakar minyak bbm jenis bensin campur etanol e tanggap sebut pt astra daihatsu motor adm pasti seluruh kendara siap adaptasi,positive
defensenya baik campur etanol minum,positive
mobil baru aman pakai campur etanol perintah perlu pandu buat mobil tua,positive
kalau etanol buat kendara bolak balik bengkel guna kendara negara negara pakai etanol mungkin teriak teriak,neutral
pakar itb campur etanol persen e aman guna mobil motor injeksi produksi atas,positive
padahal ethanol digawe campur sial puluh tahun neng an bio pertalite bio premium bio solar busuk semua subsidi tas saiki ngumumno te kerja lucu kamu tuku bensin pertalite pertamax cekelen duliten kan nyes koyok sono alkohol e yoiku campur etanol,negative
tengah pro kontra soal campur etanol bbm perintah umum konsumsi pertalite tahun turun nyata malah non subsidi jual tingkat,positive
mungkin bikin brebet campur etanol bahan bakar jadi bisa pengaruh mesin dkk,neutral
perintah paham tidak sih efek campur e etanol dapat kurang efisiensi bahan bakar besar resiko korosi karat etanol sifat higroskopis sangat mudah serap air kendara lama tidak compatible etanol risiko alami rusak,positive
indonesia mulai pasuk era bahan bakar hijau honda jadi salah satu produsen dukung langkah astra honda motor ahm pasti seluruh motor baru siap guna bensin campur etanol e bagi komitmen tuju energi bersih,positive
nyata bukan hoax perintah indonesia rencana wajib campur etanol bbm kurang impor emisi sampai menteri esdm bahlil lahadalia tuju presiden prabowo konfirmasi sumber percaya kompas cnn indonesia,positive
bijak bbm e jadi langkah nyata tuju mandiri energi nasional campur etanol indonesia cepat transisi tuju energi bersih ramah lingkung lanjut,positive
memang kalau minyak tidak masalah jadi masalah campur etanol iklim tropis lemban tahu sendiri sekarang bbm pakai campur etanol air masuk tangki makin banyak lil bahlil masa isi bensin fulltanki terus,positive
presiden prabowo subianto tuju mandatori campur etanol persen,neutral
kait rencana perintah guna etanol campur bahan bakar minyak bbm jenis bensin banyak e,positive
dasar lapor berita kini kompas detik oktober isu memang ramai jatim lamongan tuban bojonegoro ratus motor brebet mogok usai isi pertalite gejala tari berat busi mati duga bau bbm aneh mungkin campur etanol,negative
jadi masalah bukan etanol kendara edar tidak desain konsumsi bbm campur etanol sini letak anjing perintah bahlil asih bijak enak udel tampa mau tahi lapang apa,positive
menteri energi sumber daya mineral esdm bahlil lahadalia kata campur etanol kandung bahan bakar minyak bbm lazim bagai negara contoh brasil mampu campur etanol bbm kadar persen bahlil campur,positive
aku ket sadar wong ramai perkara bensine dikei campur etanol jambu aku ket taun wing kerja green terus mana etanol e,neutral
dampak campur etanol,neutral
simak rangkai reaksi kimia campur bensin etanol jadi eletrolit sifat korosif bagi besar jenis logam,positive
motor matic keluar atas umum kompatibel e pakai sistem injeksi bahan bakar material tahan korosi etanol produsen honda yamaha nyata model modern aman campur hingga etanol mirip standar banyak,positive
tuju tidak sama terap bbm campur etanol e,neutral
bahlil sebut prabowo tuju campur etanol bbm,neutral
menteri energi sumber daya mineral esdm lalu direktur jenderal energi baru baru konservasi energi ebtke eniya listiani dewi sebut mobil indonesia teknis bisa guna bbm campur etanol hingga persen perlu ubah,positive
meski untung banyak pak lul mobil orang bonyok risiko omong kok repot putar putar,negative
pimpin toyota soal etanol bbm kendara tidak masalah fakta campur etanol bbm praktik umum seluruh dunia tekan emisi karbon dukung transisi energi hijau,negative
campur etanol bbm bisa tingkat kualitas naik oktana kurang emisi cowok dukung lingkung bisa turun efisiensi bahan bakar risiko korosi lebih menteri esdm rekomendasi campur e wajib,positive
campur bbm etanol e biasa tingkat oktan kurang emisi lebih ramah lingkung energi lebih rendah jadi konsumsi bahan bakar sedikit tingkat aman banyak kendara modern bisa korosi mesin lama air,positive
eddy jelas etanol justru bikin udara lebih bersih campur etanol turun sulfur tekan polusi jalan target potong emisi karbon nasional,positive
menteri kayak begini direshuffle tahu ada campur etanol bikin rusak mesin,neutral
waspada banyak konten sesat pertalite tidak campur etanol,neutral
kalau arti etanol cuma cocok buat kendara desain pakai oktan atas bikin atur kecuali meski pertalite tetap fosil campur bioetanol kalau benar mau pihak demografi mayoritas,positive
menteri esdm bahlil pasti campur etanol bbm pertamina aman penuh standar etanol bawah anggap tidak masalah,positive
perintah bakal wajib campur etanol persen ice kakak bahlil,neutral
kendara buat tahun berapa spbu swasta batal beli bbm pertamina cuma masalah barang datang beda pesan masalah orang sakit jiwa bikin narasi soal efek buruk campur etanol makanya batal,negative
wakil presiden direktur tmmin sebut guna bbm campur etanol jadi umum bagai negara dukung teknologi kendara modern,positive
perintah mulai siap bijak mandatori campur etanol persen e bbm langkah sebut upaya tuju energi bersih kurang gantung impor minyak lengkap,positive
dasar rencana perintah campur etanol e terap semua produk bensin gasoline masuk pertalite pertamax e pertamax green implementasi butuh tahun siap target,neutral
campur etanol e bbm punya plus minus dasar sumber pertamina itb studi internasional untung tingkat oktan performa mesin lebih baik kurang emisi ayo buang lebih ramah lingkung sumber baru dukung tahan energi,positive
menteri energi sumber daya mineral esdm bahlil lahadalia nyata perintah wajib campur etanol e tiap liter bbm rencana bijak sebut tuju langsung presiden prabowo subianto bahlil sebut tuju utama campur,positive
campur etanol base fuel bbm impor pertamina tingkat ron murah etanol punya energi lebih rendah mj tidak vs mj tidak bensin potensi bikin mesin lebih boros bahan bakar bijak kritik harga beli etanol,positive
campur bbm etanol bioetanol sering sebut e e e e persen etanol benar punya banyak manfaat baik buat lingkung mesin ekonomi energi nasional jelas ramah lingkung emisi lebih bersih etanol asal,positive
kalang menteri teknis esdm baik profesional murni bukan partai politik tanya pakar energi arcandra tahar wajib tulis beli bbm refinery pasti campur etanol etanol oktannya memamg,positive
bbm swasta wajib pakai campur etanol naik oktan lebih ramah lingkung produk as biasa pakai campur mtbe sangat racun cari air amp lingkung,positive
ktahuan oplos campur etanol tinggi sekali buat atur kali kocak bin bodoh,negative
jadi masalah banyak kendara sini tidak kompatibel campur bbm etanol utama kendara lama kalau omong eropa amerika sih sana tidak banyak kenfaraan lama edar rata kendara sana kompatibel bahan bakar bbm etanol,positive
pertamina masalah bagai kasus korupsi bbm oplos mau ajar shell bp vivo soal kualitas bbm spbu swasta lebih percaya,positive
mobil modern lebih kompatibel campur etanol rendah guna sistem injeksi bahan bakar presisi material tahan korosi banyak model sekarang rancang e efisiensi tetap baik resiko signifikan kadar,positive
campur etanol bensin e e umum aman mesin mobil jepang modern toyota amp suzuki rancang kompatibel studi nrel dampak positif bakar lebih bersih emisi cowok hc lebih rendah negatif kurang efisiensi bbm resiko korosi amp,positive
menteri esdm bahlil lahadalia klaim dapat ararah presiden prabowo wajib bbm campur etanol arah sebut kait bijak mandatory biodiesel terap campur biodiesel kadar solar b,neutral
moga tidak campur etanol,neutral
campur etanol bbm bisa turun kandung sulfur cek fakta,neutral
toyota kini mitsubishi motors indonesia pasti seluruh mobil bensin pasar aman guna bahan bakar campur etanol hingga e sesuai spesifikasi tiap model,positive
betul khawatir soal kompatibilitas kendara campur bbm etanol memang sering muncul utama kendara lama mobil mobil indonesia kompatibel kandung etanol hingga persen loh bukan klaim kosong dasar,positive
campur etanol bisa bagus buat mesin injeksi naik oktan bikin bakar lebih efisien kurang emisi asal kadar rendah e kendara kompatibel buat karburator sering masalah nyerap air korosi mampet sistem,positive
mana mana bbm memang punya campur etanol blokir kamu kira indonesia masalag vivo kemarin bbm murni tampa campur pertamina jual vivo bbm campur sedan punya standar racik bbm sendiri,positive
bodoh kau masalah produsen nyunat kualitas logam salah etanol kendara tahun an aman bos kok malah bodoh nyefong minta pakai campur racun mtbe kalau kamu tidak bodoh mah protes produsen kendara kenapa kualitas jadi busuk,negative
kan kata purbaya harga modal pertalite cuma etanol harus harga jual pertamina turun dong a campur etanol bensin pertalite murni nyata campur,positive
etanol import tambah cuan buat mafia perintah konoha,neutral
kasih additive bensin octane booster injector cleaner campur tangki bbm ogut pakai lama isu campur etanol sih bodoh bisa coba pakai produk complete fuel sistem cleaner protect bbm etanol e safe,negative
campur etanol buat kejar jadi ron berapa oplos kualitas paling jelek sekali asia harga tidak lebih murah pakai malah makin boros mesin bisa makin cepat rusak kurang bajing bagaimana coba,negative
betul tidak semua negara wajib campur etanol bbm misal australia jepang guna lebih fleksibel opsional gantung regulasi lokal jenis kendara hindar isu turun efisiensi mesin tentu,positive
data baru oktober indonesia produksi kalau bioetanol per tahun masih impor kalau perintah baru tuju mandat e campur etanol bensin kurang impor bahan tebu sedang kembang via food,positive
bahlil lapor prabowo bbm campur etanol e biodiesel b siap cepat,positive
alam jalan efek campur etanol e pertamax green bisa turun efisiensi bahan bakar energi lebih rendah kamu l turun mungkin faktor kondisi mesin cuaca saran cek manual motor,negative
viral berita medsos jatim kasus sidak tes bbm pom bensin kata tidak ditemuin campur air tank pom benar mungkin brebet campur unsur etanol bensin tidak cocok sistem bakar mesin umum,positive
jelas metode campur bensin etanol bisa larut air bahaya kendara roda,positive
nyata menteri esdm bahlil lahadalia benar banyak negara guna campur etanol e bbm as standar banyak negara bagi inggris sejak thailand wajib india capai kini e eropa prancis jerman brazil,positive
menteri energi sumber daya mineral esdm bahlil lahadalia umum rencana perintah terap bijak mandatori campur etanol persen e bahan bakar minyak bbm,positive
yaudah yaudah habis tonton konser blackpink jangan lupa tonton konser siapa tahu dapat voucher isi bensin campur etanol,positive
perintah mau wajib campur etanol persen bbm via,neutral
campur etanol e bbm umum aman kendara modern bisa rusak mesin lama korosi selang tangki komponen karet akibat sifat higroskopis konsumsi bahan bakar bisa naik energi etanol lebih rendah jadi lebih cepat,positive
lama pakai campur etanol mobil pribadi istirahat pindah angkut umum,negative
pertamina ikut arah perintah soal campur etanol persen kandung bbm,neutral
taekmu campur etanol lil bahlil,neutral
bbm murni plus etanol masih aman kok cuma mobil modern bisa terima campur jadi mesti tidak masalah buat konsumen,positive
efek campur etanol tidak selalu langsung lihat dampak tetap asa,neutral
penting paham campur bensin republik indonesia indonesia etanol pakai anhydrous ethanol jenis tidak kandung air bukti aman mesin konvensional seal gasket kendara jangan makan hoax kasih paham dukung transisi,positive
lama siksa masyarakat cos baik motor mobil dampak campur etanol mending kamu henti sekali produksi motor mobil kamu usir semua usaha kamu pengin mundur teknologi kan pengem zaman batu kan bijak aneh,positive
harga etanol murni campur bbm kira rp ribu liter perintah rencana guna e mulai mandiri energi,positive
tidak semua mesin pabrikan kendara bisa terima campur etanol bisa jadi tangki spbu swasta pertamina siap duh perintah khusus kemen esdm tidak punya humas bicara jelas masalah usaha kelas pertamina tidak punya parah,positive
fitra eri tolak campur etanol luas etanol milik densitas energi lebih rendah bensin murni turun tenaga mesin tingkat konsumsi bahan bakar khawatir etanol tarik air sifat korosif potensi rusak komponen mesin,positive
bahlil kamu sumpah muka kamu jelek pakai banget kenapa sifat kamu ikut jelek banget anjing swasta tidak mau pakai bbm campur etanol sekarang kamu counternya ngerubah atur hinaa banget yaampun orang begini perintah,negative
pertamina dukung campur bbm etanol persen,neutral
goblog cari tahu cela negara maju eroapa amp amerika etanol pakai campur bbm bagi green energi,negative
video sidak wali kota surabaya cak armuji salah satu spbu tengah viral media sosial rekam edar lihat periksa botol isi cair duga campur bbm sebut mungkin ada etanol metanol dalam,positive
pertamax turbo pertamina bensin ron aditif performa tinggi resmi tidak kandung air pertamina sangkal kontaminasi air bbm dasar tes baru etanol campur hingga beberapa varian pertamina bagi,positive
berapa jenis kendara sekarang edar plus enam tanya bisa tahan bbm campur etanol lebih kendara roda,positive
sebut negara bbm guna campur etanol kata sih pentol korek bahlil,neutral
benar campur etanol bbm bisa buat konsumsi lebih boros etanol punya energi lebih rendah bensin murni campur e turun efisiensi efek minimal hampir tidak asa motor cek spesifikasi,positive
baca isi pertalite pakai campur bioetanol omong omong kok jadi alergi sama etanol shell mau beli bensin pertamina nyata tidak sesuai sama spek mau murni campur memang kasih campur etanol pertamina,positive
dapat pribadi boleh tidak tuju bbm plat merah masalah bukan campur etanol benar lama cemar air bukan betul jadi kala hujan deras hari bisa jadi tangki simpan spbu kondisi kurang baik,positive
beli bbm murni bukan campur etanol sempat ambil pertamina batal campur etanol,positive
impor etanol lebih mati produk gula negeri tetes tebu molase negeri tidak serap tani alami rugi cukup besar mau buat campur e bahan pasti masih import campur etanol lebih murah,positive
campur etanol e bensin bisa tingkat oktane performa mesin kurang emisi energi lebih rendah konsumsi bbm naik jarak tempuh kurang mesin lama bisa sebab korosi seal karet selang komponen plastik mesin,negative
apa wooozh terus paksa campur pertalite etanol,neutral
waktu pertamax green luncur tahun yes tahun lalu toyota bilang avanza veloz rush agya hingga calya bisa teguk bioetanol syarat kadar campur etanol maksimal persen suzuki mitsubishi bilang bisa maximal daihatsu,negative
dasar telusur nyata bahlil soal bbm campur etanol e aman tidak turun performa mesin dukung beberapa studi sebut campur etanol bisa tingkat efisiensi kurang emisi mesin modern sumber jakartaglobe forum,positive
kalau base fuel ron nyata capai campur etanol bukan base fuel murni jelas fabby masalah kalau beli misal spbu swasta punya formula aditif sendiri campur luar sepakat bisa bikin kualitas bensin ubah bahkan luar,negative
toyota pasti mobil produksi bisa pakai bensin campur etanol sejak bahkan beberapa model mampu guna campur hingga persen jalan rencana perintah terap bahan bakar e toyota pernah buat mesin bisa tenggak etanol,positive
belakang isu campur etanol bbm ramai banget bahas bilang solusi buat energi bersih ragu sama dampak ayo lik bareng slide ikut baca berita lengkap idn application,negative
abang tambah e kata restu presiden prabowo,neutral
toyota motor corp rencana tanam investasi nila rp triliun kembang ekosistem bioetanol indonesia langkah jalan bijak perintah terap mandatori bahan bakar campur etanol e proyek sebut,positive
jakarta cnbc indonesia dewan energi nasional den ingat penting gandeng sektor manufaktur rencana bijak tingkat campur etanol bahan bakar minyak bbm jenis bensin jadi e implementasi campur etanol bensin indonesia,positive
rencana pertamina hadir bahan bakar minyak bbm campur etanol persen e tampak sambut positif jumlah produsen sepeda motor indonesia salah satu datang tvs motor indonesia baca lengkap,positive
bodoh kau etanol sama alkohol memang ramah lingkung bodoh kalau minum kamu kali coba minum bbm produk as pakai campur racun mtbe kritik sah pakai otak,negative
jujur lebih pikir sumber etanol darimana kalau butuh etanol campur bahkan masih tidak semua kota indonesia sumber etanol batas masih rebut sama butuh pasok gula haha,positive
distribusi bbm kadang berantak jadi campur etanol bisa jadi awal rapihin sistem,negative
campur etanol bukti indonesia bisa mandiri tani makin semangat bumi makin bersih,positive
tanggal oktober selamat hari brebet nasional jadi suatu tanya bbm campur etanol misah campur tiga satu cinta dua pertamina tidak juru kunci solusi rakyat teriak kemarin kabur,positive
campur etanol persen nilai masih aman kendara modern,positive
campur etanol bbm e tingkat oktan hingga kurang emisi karbon dukung energi ramah lingkung sumber lokal tebu bisa turun efisiensi bahan bakar sebab korosi mesin lama serap air,positive
kata bensin bakal campur etanol memang kenapa sih aman tidak buat kendara baca akhir meski tidak salah kaprah soal bbm campur bioetanol e a,positive
etanol bukan sembarang campur upaya kurang impor bensin bantu tani tebu,neutral
kandung lebih homogen air murni lebih korosif inti etanol ubah air sekadar endap pisah mudah deteksi jadi campur lebih mudah bentuk lebih bahaya terhisap pompa sila kalau bisa bantah,positive
pribadi pernah test beberapa jenis bbm pertamina benar cuma pertamax turbo benar arti tidak campur air minim etanol tidak benernya pertamax turbo test selang waktu minggu ron oktan angka arti tidak benar sesuai klaim,negative
tolol murni campur etanol,positive
